PassengerId,Survived,Age,Pclass,NameLength,Fare,DeckCabin,DeckNumber,IsFemale
1,0,22.0,3,23,7.25,0.490038188109,5.63664990742,0
2,1,38.0,1,51,71.2833,85.0,3.0,1
3,1,26.0,3,22,7.925,81.9117291355,6.70023745693,1
4,1,35.0,1,44,53.1,123.0,3.0,1
5,0,35.0,3,24,8.05,43.1065204257,4.40579763464,0
6,0,14.1958404352,3,16,8.4583,5.21912845244,3.74581580038,0
7,0,54.0,1,23,51.8625,46.0,5.0,0
8,0,2.0,3,30,21.075,67.649083166,3.89810903284,0
9,1,27.0,3,49,11.1333,37.5570441169,4.64698192462,1
10,1,14.0,2,35,30.0708,43.2063917988,4.04603224345,1
11,1,4.0,3,31,16.7,6.0,7.0,1
12,1,58.0,1,24,26.55,103.0,3.0,1
13,0,20.0,3,30,8.05,19.9710253259,4.53029660334,0
14,0,39.0,3,27,31.275,12.5773858534,0.379807439825,0
15,0,14.0,3,36,7.8542,28.1072466776,4.34188728158,1
16,1,55.0,2,32,16.0,23.6209705658,5.74651859007,1
17,0,2.0,3,20,29.125,94.5428754718,2.61429569318,0
18,1,31.6572486772,2,28,13.0,56.8480003664,3.33639597948,0
19,0,31.0,3,55,18.0,88.3721329708,0.605791926746,1
20,1,25.0389429557,3,23,7.225,109.085893853,3.34339054581,1
21,0,35.0,2,20,26.0,60.8344805426,2.90022375258,0
22,1,34.0,2,21,13.0,56.0,4.0,0
23,1,15.0,3,27,8.0292,59.266501273,5.22741973816,1
24,1,28.0,1,28,35.5,6.0,1.0,0
25,0,8.0,3,29,21.075,31.0374563819,2.14442387518,1
26,1,38.0,3,57,31.3875,38.9036378415,1.46668012751,1
27,0,36.9115632639,3,23,7.225,60.4034935303,3.84004407762,0
28,0,19.0,1,30,263.0,23.0,3.0,0
29,1,40.3694728194,3,29,7.8792,30.9807936847,0.804588447273,1
30,0,30.9562574756,3,19,7.8958,26.9190501317,4.18347796185,0
31,0,40.0,1,24,27.7208,68.3394577771,4.50905518867,0
32,1,4.8467558449,1,46,146.5208,78.0,2.0,1
33,1,60.5795057398,3,24,7.75,52.0689548227,1.50242487443,1
34,0,66.0,2,21,10.5,33.8760282204,4.81998770009,0
35,0,28.0,1,23,82.1708,107.298450866,4.15586262894,0
36,0,42.0,1,30,52.0,37.3039391798,2.84036926649,0
37,1,15.6720822508,3,16,7.2292,16.1620909631,2.73414843466,0
38,0,21.0,3,24,8.05,102.908802659,4.22658107117,0
39,0,18.0,3,34,18.0,8.14106753177,3.67993922944,1
40,1,14.0,3,27,11.2417,63.4006862026,4.58139532696,1
41,0,40.0,3,46,9.475,36.6813750438,4.68400687307,1
42,0,27.0,2,56,21.0,63.5819341154,3.49106085121,1
43,0,25.242583821,3,19,7.8958,61.9867547053,6.96097799772,0
44,1,3.0,2,40,41.5792,19.9242906879,2.51745037582,1
45,1,19.0,3,29,7.8792,0.836134806547,3.62206659671,1
46,0,11.7961357847,3,24,8.05,18.071399785,2.60756175491,0
47,0,31.7842746418,3,17,15.5,37.3365071882,4.81642403498,0
48,1,3.58345095841,3,25,7.75,96.5597550416,3.03186655941,1
49,0,24.5892873817,3,19,21.6792,17.9764248599,0.816629661158,0
50,0,18.0,3,45,17.8,70.4393293568,4.77131838832,1
51,0,7.0,3,26,39.6875,24.559322826,2.1443180734,0
52,0,21.0,3,28,7.8,16.9234215304,4.50906101066,0
53,1,49.0,1,40,76.7292,33.0,4.0,1
54,1,29.0,2,50,26.0,12.0883900556,0.799056289522,1
55,0,65.0,1,30,61.9792,30.0,2.0,0
56,1,30.3963694977,1,17,35.5,52.0,3.0,0
57,1,21.0,2,17,10.5,155.075817268,3.28136672258,1
58,0,28.5,3,19,7.2292,160.572463153,2.92324404105,0
59,1,5.0,2,28,27.75,57.6254387593,2.95771670231,1
60,0,11.0,3,34,46.9,23.4529172393,4.31034134266,0
61,0,22.0,3,21,7.2292,64.3954374894,4.68522589292,0
62,1,38.0,1,19,80.0,28.0,2.0,1
63,0,45.0,1,27,83.475,83.0,3.0,0
64,0,4.0,3,21,27.9,142.467604588,3.68159810657,0
65,0,18.0110583785,1,21,27.7208,38.9872135555,3.0282700232,0
66,1,31.3109005712,3,24,15.2458,47.1095031959,2.55519841209,0
67,1,29.0,2,28,10.5,33.0,6.0,1
68,0,19.0,3,24,8.1583,206.557671188,2.00488076068,0
69,1,17.0,3,31,7.925,0.546018127717,5.12686777571,1
70,0,26.0,3,17,8.6625,35.0257240769,3.78731319011,0
71,0,32.0,2,26,10.5,0.190689577879,0.430107517607,0
72,0,16.0,3,26,46.9,0.655071828534,1.72294139583,1
73,0,21.0,2,20,73.5,63.5650171606,4.62103801574,0
74,0,26.0,3,27,14.4542,60.0210506043,3.88471621056,0
75,1,32.0,3,13,56.4958,51.1487694109,4.36614738148,0
76,0,25.0,3,23,7.65,73.0,6.0,0
77,0,13.9010373821,3,17,7.8958,17.6741326713,2.80557021596,0
78,0,49.5219008852,3,24,8.05,85.1186794119,2.51975169506,0
79,1,0.83,2,29,29.0,28.1960032869,2.83836453979,0
80,1,30.0,3,24,12.475,35.797513337,2.70435993154,1
81,0,22.0,3,20,9.0,16.7061343557,2.82666107003,0
82,1,29.0,3,27,9.5,42.2722751936,4.63423821949,0
83,1,14.3875313081,3,30,7.7875,32.1409120631,3.60967545525,1
84,0,28.0,1,23,47.1,54.8634240474,5.547042531,0
85,1,17.0,2,19,10.5,83.3802764515,2.84453729936,1
86,1,33.0,3,55,15.85,34.0404318652,5.9035975188,1
87,0,16.0,3,22,34.375,105.321415547,1.78188819852,0
88,0,3.47855956598,3,29,8.05,133.041120405,4.00183007039,0
89,1,23.0,1,26,263.0,23.0,3.0,1
90,0,24.0,3,22,8.05,74.6119700582,4.41396516778,0
91,0,29.0,3,20,8.05,77.0685546022,3.65079504402,0
92,0,20.0,3,26,7.8542,80.8809658313,3.09482801969,0
93,0,46.0,1,27,61.175,31.0,5.0,0
94,0,26.0,3,23,20.575,7.36784490755,4.6156575302,0
95,0,59.0,3,17,7.25,14.9082548895,3.8988344149,0
96,0,8.50225193885,3,27,8.05,21.1601076413,3.80913136215,0
97,0,71.0,1,25,34.6542,5.0,1.0,0
98,1,23.0,1,31,63.3583,10.0,4.0,0
99,1,34.0,2,36,23.0,136.534962841,2.72728815357,1
100,0,34.0,2,17,26.0,100.394168433,4.79288039445,0
101,0,28.0,3,23,7.8958,82.7282212736,1.03133419503,1
102,0,45.4233597191,3,32,7.8958,135.459067865,3.50161832082,0
103,0,21.0,1,25,77.2875,26.0,4.0,0
104,0,33.0,3,26,8.6542,31.4349537377,4.29625024545,0
105,0,37.0,3,30,7.925,51.2246874449,5.38456304177,0
106,0,28.0,3,21,7.8958,85.5253141714,5.94051008006,0
107,1,21.0,3,32,7.65,12.3690907756,3.00486435876,1
108,1,6.23969201048,3,22,7.775,69.6774789204,3.64741316805,0
109,0,38.0,3,15,7.8958,45.326799214,3.63987021576,0
110,1,46.1075587254,3,19,24.15,17.4306746816,4.30806089216,1
111,0,47.0,1,30,52.0,110.0,3.0,0
112,0,14.5,3,20,14.4542,72.3026330008,2.83150213077,1
113,0,22.0,3,22,8.05,37.2940319876,2.45262627239,0
114,0,20.0,3,23,9.825,88.8250394667,1.62194334315,1
115,0,17.0,3,21,14.4583,30.5667622771,2.21209967096,1
116,0,21.0,3,21,7.925,5.02784587685,3.99059271198,0
117,0,70.5,3,20,7.75,45.4634953751,6.71994604665,0
118,0,29.0,2,31,21.0,6.61632111242,3.4905476299,0
119,0,24.0,1,24,247.5208,58.0,2.0,0
120,0,2.0,3,33,31.275,26.3851376084,3.28812080734,1
121,0,21.0,2,27,73.5,16.8928060068,5.17413517919,0
122,0,17.8071342844,3,26,8.05,119.840594833,0.763044126683,0
123,0,32.5,2,20,30.0708,40.3395019559,4.20647404743,0
124,1,32.5,2,19,13.0,101.0,5.0,1
125,0,54.0,1,27,77.2875,26.0,4.0,0
126,1,12.0,3,28,11.2417,153.221604894,4.46163497791,0
127,0,57.6941555188,3,19,7.75,20.4730777729,5.46576608425,0
128,1,24.0,3,25,7.1417,72.782657119,4.32388846965,0
129,1,9.96035436508,3,17,22.3583,69.0,6.0,1
130,0,45.0,3,18,6.975,52.1796834652,4.68042590941,0
131,0,33.0,3,20,7.8958,34.910271447,2.14532094543,0
132,0,20.0,3,30,7.05,11.2330188762,3.2590827287,0
133,0,47.0,3,46,14.5,60.785144394,2.87500510624,1
134,1,29.0,2,45,26.0,52.0464521987,3.5538441727,1
135,0,25.0,2,30,13.0,49.9883053832,2.86460868273,0
136,0,23.0,2,18,15.0458,4.98062959712,6.28186758304,0
137,1,19.0,1,28,26.2833,47.0,4.0,1
138,0,37.0,1,27,53.1,123.0,3.0,0
139,0,16.0,3,19,9.2167,39.6281805928,6.53803193612,0
140,0,24.0,1,18,79.2,86.0,2.0,0
141,0,14.2726584495,3,29,15.2458,17.1117400147,5.50131435656,1
142,1,22.0,3,24,7.75,36.6322016685,4.60044928566,1
143,1,24.0,3,52,15.85,35.9764327917,2.10516709854,1
144,0,19.0,3,19,6.75,62.8514355716,2.40849223594,0
145,0,18.0,2,26,11.5,88.3367564556,2.70413834126,0
146,0,19.0,2,28,36.75,87.9473758643,2.52472506955,0
147,1,27.0,3,44,7.7958,50.9064489259,4.87350180871,0
148,0,9.0,3,32,34.375,50.1143890981,2.10591152501,1
149,0,36.5,2,40,26.0,2.0,6.0,0
150,0,42.0,2,33,13.0,69.7397099995,2.79665408536,0
151,0,51.0,2,26,12.525,50.2606151867,2.0169096696,0
152,1,22.0,1,33,66.6,2.0,3.0,1
153,0,55.5,3,16,8.05,8.92972954562,2.16011210369,0
154,0,40.5,3,31,14.5,15.073194965,4.78060423166,0
155,0,12.5173248042,3,21,7.3125,46.5236395923,5.41871798912,0
156,0,51.0,1,27,61.3792,67.3762610648,2.11660308163,0
157,1,16.0,3,32,7.7333,62.5674288041,5.92739007239,1
158,0,30.0,3,15,8.05,8.32056393573,1.11912640158,0
159,0,1.58967059908,3,19,8.6625,103.563384466,3.02446852981,0
160,0,15.0096061078,3,26,69.55,39.6710455194,4.12467270882,0
161,0,44.0,3,24,16.1,22.651960559,4.74414333861,0
162,1,40.0,2,50,15.75,74.7774152856,5.69522241728,1
163,0,26.0,3,26,7.775,45.6904707086,4.33677963255,0
164,0,17.0,3,15,8.6625,66.3511327483,2.00473439955,0
165,0,1.0,3,28,39.6875,28.1137146232,4.41738219249,0
166,1,9.0,3,47,20.525,71.2818005886,3.60679237547,0
167,1,13.3452738037,1,38,55.0,33.0,5.0,1
168,0,45.0,3,47,27.9,52.0261151858,2.02560630752,1
169,0,27.9674453794,1,19,25.925,54.179835384,4.59976090587,0
170,0,28.0,3,13,56.4958,2.68438123818,1.00141814387,0
171,0,61.0,1,25,33.5,19.0,2.0,0
172,0,4.0,3,20,29.125,66.9449903681,3.82035342818,0
173,1,1.0,3,28,11.1333,70.6396729385,3.01401704276,1
174,0,21.0,3,25,7.925,44.0261622063,2.58424586551,0
175,0,56.0,1,23,30.6958,7.0,1.0,0
176,0,18.0,3,22,7.8542,55.4981481475,4.08441014916,0
177,0,3.78040465184,3,29,25.4667,19.4862430939,3.44261899171,0
178,0,50.0,1,26,28.7125,49.0,3.0,1
179,0,30.0,2,18,13.0,64.2830450338,2.19460410312,0
180,0,36.0,3,19,0.0,92.4951636921,2.4918367593,0
181,0,39.5923116432,3,28,69.55,35.0681104775,4.2747459041,1
182,0,21.253740686,2,16,15.05,61.2476918938,2.75332516829,0
183,0,9.0,3,37,31.3875,46.4951231767,1.66792719236,0
184,1,1.0,2,25,39.0,4.0,6.0,0
185,1,4.0,3,35,22.025,29.8364697259,4.11713859296,1
186,0,21.975092719,1,21,50.0,32.0,1.0,0
187,1,7.80454692984,3,47,15.5,34.7178651277,5.30139804109,1
188,1,45.0,1,45,26.55,29.5806493168,4.09237397532,0
189,0,40.0,3,16,15.5,96.9532198144,2.09748595511,0
190,0,36.0,3,19,7.8958,24.3211619841,2.79789776586,0
191,1,32.0,2,19,13.0,91.4507608221,1.66203871958,1
192,0,19.0,2,21,13.0,12.276120673,4.87319505001,0
193,1,19.0,3,47,7.8542,35.6479603088,3.45940631761,1
194,1,3.0,2,26,26.0,2.0,6.0,0
195,1,44.0,1,41,27.7208,4.0,2.0,1
196,1,58.0,1,20,146.5208,80.0,2.0,1
197,0,32.3379037613,3,19,7.75,102.480554649,3.10412144054,0
198,0,42.0,3,32,8.4042,10.4484663173,2.50694545594,0
199,1,14.6205295069,3,32,7.75,36.8681770535,2.70536234589,1
200,0,24.0,2,38,13.0,9.6362773666,3.55110547362,1
201,0,28.0,3,30,9.5,37.9412728549,2.27878842932,0
202,0,38.2418150618,3,19,69.55,121.799440538,4.27308934146,0
203,0,34.0,3,26,6.4958,35.7743336832,3.03621582613,0
204,0,45.5,3,20,7.225,78.0334759865,5.0057901442,0
205,1,18.0,3,24,8.05,20.4796453525,1.93317990221,0
206,0,2.0,3,26,10.4625,6.0,7.0,1
207,0,32.0,3,26,15.85,25.3915034128,5.08826155229,0
208,1,26.0,3,27,18.7875,0.098379738059,5.25810367721,0
209,1,16.0,3,25,7.75,49.1034012792,2.79095174912,1
210,1,40.0,1,16,31.0,31.0,1.0,0
211,0,24.0,3,14,7.05,27.7722958555,3.50090203545,0
212,1,35.0,2,26,21.0,41.8518304146,0.987995698941,1
213,0,22.0,3,22,7.25,84.9847126673,4.70756462544,0
214,0,30.0,2,27,13.0,24.8454570824,5.42540119538,0
215,0,38.855735754,3,19,7.75,133.927053428,3.53473977928,0
216,1,31.0,1,23,113.275,36.0,4.0,1
217,1,27.0,3,22,7.925,80.7046898064,3.15750182011,1
218,0,42.0,2,28,27.0,76.1218780968,4.01193614742,0
219,1,32.0,1,21,76.2917,15.0,4.0,1
220,0,30.0,2,18,10.5,59.4942568736,1.4367829322,0
221,1,16.0,3,30,8.05,84.5487848496,3.17472437258,0
222,0,27.0,2,20,13.0,7.26965954544,5.00335383193,0
223,0,51.0,3,23,8.05,24.2478344308,1.82060282774,0
224,0,32.8813874438,3,20,7.8958,131.967567229,1.88988943315,0
225,1,38.0,1,28,90.0,93.0,3.0,0
226,0,22.0,3,28,9.35,68.7139481485,3.74339602329,0
227,1,19.0,2,25,10.5,12.8438760287,2.33073449702,0
228,0,20.5,3,31,7.25,18.828239365,2.91800668061,0
229,0,18.0,2,25,13.0,26.3850149084,0.836425797398,0
230,0,30.2450383465,3,23,25.4667,18.3911733948,4.89052040142,1
231,1,35.0,1,44,83.475,83.0,3.0,1
232,0,29.0,3,24,7.775,102.803790259,2.67095848979,0
233,0,59.0,2,25,13.5,44.8616517248,4.4306995727,0
234,1,5.0,3,30,31.3875,20.9137589181,0.241085334211,1
235,0,24.0,2,33,10.5,17.2127941088,5.18410395483,0
236,0,2.90221415709,3,28,7.55,90.817396059,1.75026167442,1
237,0,44.0,2,17,26.0,12.1775006517,2.67374729832,0
238,1,8.0,2,32,26.25,111.554105282,3.94714277884,1
239,0,19.0,2,31,10.5,45.2275616669,3.61807293949,0
240,0,33.0,2,22,12.275,55.6744627682,2.75493064633,0
241,0,14.8190097594,3,21,14.4542,72.2560176488,6.38451003226,1
242,1,25.3124763164,3,30,15.5,1.16250634309,3.98821601997,1
243,0,29.0,2,31,10.5,19.9011442451,4.2613356071,0
244,0,22.0,3,29,7.125,98.2834074806,5.2537460535,0
245,0,30.0,3,20,7.225,91.2878910939,2.71113405802,0
246,0,44.0,1,27,90.0,78.0,3.0,0
247,0,25.0,3,37,7.775,18.5911027019,2.12977732526,1
248,1,24.0,2,31,14.5,130.220144488,2.34848462941,1
249,1,37.0,1,29,52.5542,35.0,4.0,0
250,0,54.0,2,29,26.0,6.81372957483,3.47019915872,0
251,0,43.254592505,3,22,7.25,63.4569084922,3.24370087324,0
252,0,29.0,3,42,10.4625,6.0,7.0,1
253,0,62.0,1,25,26.55,87.0,3.0,0
254,0,30.0,3,24,16.1,80.8808643788,3.64693985822,0
255,0,41.0,3,40,20.2125,7.79431521223,4.12671009362,1
256,1,29.0,3,39,15.2458,12.7407055376,2.8143860328,1
257,1,16.0109788672,1,30,79.2,49.5052370923,1.56778240519,1
258,1,30.0,1,20,86.5,77.0,2.0,1
259,1,35.0,1,16,512.3292,48.0455983446,2.12917705122,1
260,1,50.0,2,27,26.0,50.4193917221,2.04798464246,1
261,0,4.15100868844,3,17,7.75,99.0015793944,4.19544026506,0
262,1,3.0,3,33,31.3875,84.5745976046,3.11781381163,0
263,0,52.0,1,17,79.65,67.0,5.0,0
264,0,40.0,1,21,0.0,94.0,2.0,0
265,0,5.07116991804,3,18,7.75,43.6007123714,2.97471111319,1
266,0,36.0,2,17,10.5,149.398556886,2.207775696,0
267,0,16.0,3,25,39.6875,54.1562855685,3.60405919417,0
268,1,25.0,3,24,7.775,6.79640399745,2.21284954027,0
269,1,58.0,1,45,153.4625,125.0,3.0,1
270,1,35.0,1,22,135.6333,99.0,3.0,1
271,0,23.7681973582,1,21,31.0,119.482313731,1.47630407831,0
272,1,25.0,3,28,0.0,77.4510429757,4.95307982035,0
273,1,41.0,2,41,19.5,42.6273731053,3.24305393186,1
274,0,37.0,1,21,29.7,118.0,3.0,0
275,1,44.5296382144,3,26,7.75,43.3383075949,2.03394481529,1
276,1,63.0,1,33,77.9583,7.0,4.0,1
277,0,45.0,3,33,7.75,34.9398111343,3.3065486717,1
278,0,17.2097574063,2,27,0.0,58.3369171923,3.84130231104,0
279,0,7.0,3,18,29.125,25.7781213344,2.16784463816,0
280,1,35.0,3,32,20.25,18.1901113621,3.62760690981,1
281,0,65.0,3,16,7.75,36.4918305742,1.03917310182,0
282,0,28.0,3,32,7.8542,3.93362911873,3.62708721327,0
283,0,16.0,3,25,9.5,66.5485759975,4.74963025759,0
284,1,19.0,3,26,8.05,41.0951956919,5.83400062975,0
285,0,25.4247487859,1,26,26.0,19.0,1.0,0
286,0,33.0,3,19,8.6625,75.0036165489,5.28358526982,0
287,1,30.0,3,23,9.5,84.4045196129,3.05474473587,0
288,0,22.0,3,20,7.8958,46.8720805883,2.98107680326,0
289,1,42.0,2,20,13.0,24.1868072361,2.750909242,0
290,1,22.0,3,20,7.75,24.151857032,2.68311558193,1
291,1,26.0,1,28,78.85,44.9715923557,4.55170237398,1
292,1,19.0,1,39,91.0792,49.0,2.0,1
293,0,36.0,2,22,12.875,54.9740655929,4.0,0
294,0,24.0,3,19,8.85,73.7853728689,3.92282113531,1
295,0,24.0,3,16,7.8958,27.8894752021,4.03960073582,0
296,0,33.6137165,1,17,27.7208,59.3822390768,2.09230886736,0
297,0,23.5,3,18,7.2292,113.543513054,5.07481041012,0
298,0,2.0,1,28,151.55,22.0,3.0,1
299,1,21.1081536699,1,21,30.5,106.0,3.0,0
300,1,50.0,1,47,247.5208,58.0,2.0,1
301,1,8.49216471994,3,40,7.75,79.6482208348,6.04754767074,1
302,1,17.2546201668,3,18,23.25,71.1946218679,3.83884519816,0
303,0,19.0,3,31,0.0,71.5712143639,1.94661925383,0
304,1,26.4518753774,2,19,12.35,101.0,5.0,1
305,0,16.991466205,3,33,8.05,69.4929883189,3.72229002245,0
306,1,0.92,1,30,151.55,22.0,3.0,0
307,1,25.0283393093,1,23,110.8833,14.5024086713,2.37128342205,1
308,1,17.0,1,82,108.9,65.0,3.0,1
309,0,30.0,2,19,24.0,33.1698657495,2.73107590082,0
310,1,30.0,1,30,56.9292,36.0,5.0,1
311,1,24.0,1,30,83.1583,54.0,3.0,1
312,1,18.0,1,26,262.375,57.0,2.0,1
313,0,26.0,2,37,26.0,77.6553828253,2.3190863039,1
314,0,28.0,3,22,7.8958,62.7188436251,3.24312627057,0
315,0,43.0,2,18,26.25,41.4398307162,2.34863312033,0
316,1,26.0,3,31,7.8542,13.594265303,2.65659839391,1
317,1,24.0,2,35,26.0,100.850928932,5.21090054824,1
318,0,54.0,2,20,14.0,109.037493097,2.64156214082,0
319,1,31.0,1,24,164.8667,7.0,3.0,1
320,1,40.0,1,56,134.5,34.0,5.0,1
321,0,22.0,3,18,7.25,63.1284675564,3.62459046397,0
322,0,27.0,3,16,7.8958,64.6988277115,2.90198689266,0
323,1,30.0,2,25,12.35,43.7157044599,1.94958352571,1
324,1,22.0,2,51,29.0,13.579426044,2.01237116744,1
325,0,18.3247690778,3,24,69.55,94.6150951645,2.91496649018,0
326,1,36.0,1,24,135.6333,32.0,3.0,1
327,0,61.0,3,25,6.2375,67.6588708378,2.52498292501,0
328,1,36.0,2,23,13.0,89.7810216245,4.0,1
329,1,31.0,3,46,20.525,20.327381926,1.99578090201,1
330,1,16.0,1,28,57.9792,18.0,2.0,1
331,1,44.0657953554,3,18,23.25,43.0274992162,3.70434525788,1
332,0,45.5,1,19,28.5,124.0,3.0,0
333,0,38.0,1,25,153.4625,91.0,3.0,0
334,0,16.0,3,31,18.0,41.6443964578,2.4910779899,0
335,1,46.3364285165,1,50,133.65,54.500480603,3.62739260598,1
336,0,13.1752894798,3,18,7.8958,56.3435250372,3.21613388943,0
337,0,29.0,1,25,66.6,2.0,3.0,0
338,1,41.0,1,31,134.5,40.0,5.0,1
339,1,45.0,3,21,8.05,41.4946877527,3.13157060931,0
340,0,45.0,1,28,35.5,8.14509111696,0.0,0
341,1,2.0,2,30,26.0,2.0,6.0,0
342,1,24.0,1,30,263.0,23.0,3.0,1
343,0,28.0,2,26,13.0,26.1609665431,3.93740923307,0
344,0,25.0,2,42,13.0,67.9299253094,2.51943219345,0
345,0,36.0,2,23,13.0,103.761155018,2.85403546948,0
346,1,24.0,2,29,13.0,33.0,6.0,1
347,1,40.0,2,25,13.0,55.3750062068,1.77923603828,1
348,1,6.83418983168,3,41,16.1,59.3358635219,3.43272886885,1
349,1,3.0,3,38,15.9,47.9399433909,4.47086809152,0
350,0,42.0,3,16,8.6625,89.6712314892,3.15843985524,0
351,0,23.0,3,22,9.225,19.1447758228,4.14045079032,0
352,0,33.5366947857,1,38,35.0,128.0,3.0,0
353,0,15.0,3,18,7.2292,5.9364319403,4.1844953312,0
354,0,25.0,3,25,17.8,85.902997755,3.06905297898,0
355,0,32.3702793042,3,17,7.225,25.7982976847,5.17508172008,0
356,0,28.0,3,27,9.5,40.8347480483,3.97635091627,0
357,1,22.0,1,27,55.0,33.0,5.0,1
358,0,38.0,2,25,13.0,36.241910005,2.15579437838,1
359,1,2.75570842538,3,20,7.8792,29.2005724319,2.95587906117,1
360,1,6.86669759868,3,33,7.8792,20.8851351708,2.84770887437,1
361,0,40.0,3,18,27.9,43.2365754622,1.10036451343,0
362,0,29.0,2,25,27.7208,5.2119925854,1.28110391371,0
363,0,45.0,3,31,14.4542,18.0105228696,2.59613942422,1
364,0,35.0,3,15,7.05,100.89698832,1.06957883086,0
365,0,38.4682256153,3,19,15.5,14.5657210321,3.68831618567,0
366,0,30.0,3,30,7.25,48.7129463959,2.52594607356,0
367,1,60.0,1,48,75.25,37.0,4.0,1
368,1,22.9612429102,3,30,7.2292,44.9559546044,0.551964552149,1
369,1,26.2193965933,3,19,7.75,52.3763853199,4.41960862215,1
370,1,24.0,1,29,69.3,35.0,2.0,1
371,1,25.0,1,27,55.4417,50.0,5.0,0
372,0,18.0,3,25,6.4958,85.6289917839,5.27169427849,0
373,0,19.0,3,26,8.05,62.3701842855,0.784144053373,0
374,0,22.0,1,19,135.6333,28.1582129259,3.99544288839,0
375,0,3.0,3,26,21.075,50.2749053752,4.36559782862,1
376,1,38.6275709634,1,37,82.1708,47.2016814936,3.41370315094,1
377,1,22.0,3,31,7.25,9.40404131341,4.27925605756,1
378,0,27.0,1,25,211.5,82.0,3.0,0
379,0,20.0,3,19,4.0125,12.2737083305,5.46158710148,0
380,0,19.0,3,27,7.775,24.6861847901,4.30533121853,0
381,1,42.0,1,21,227.525,95.5059964679,2.27039079,1
382,1,1.0,3,27,15.7417,44.0652123902,4.32342199091,1
383,0,32.0,3,18,7.925,147.756233332,6.06784493322,0
384,1,35.0,1,51,52.0,25.0563668927,1.99877675595,1
385,0,53.35017944,3,22,7.8958,33.4840198065,3.6663452416,0
386,0,18.0,2,25,73.5,11.7303811558,3.77521448353,0
387,0,1.0,3,31,46.9,47.1933740762,3.52874012444,0
388,1,36.0,2,16,13.0,94.8252814606,0.342844344024,1
389,0,37.9413056789,3,20,7.7292,45.8069224485,4.55604776059,0
390,1,17.0,2,21,12.0,72.4995307899,2.64517300465,1
391,1,36.0,1,26,120.0,96.0,2.0,0
392,1,21.0,3,22,7.7958,45.6506041478,5.34079776554,0
393,0,28.0,3,28,7.925,34.3879569928,5.73093272001,0
394,1,23.0,1,22,113.275,36.0,4.0,1
395,1,24.0,3,51,16.7,6.0,7.0,1
396,0,22.0,3,19,7.7958,99.7404196574,3.81957827923,0
397,0,31.0,3,19,7.8542,8.31520990419,4.4974483029,1
398,0,46.0,2,23,26.0,55.6401933692,4.89695409438,0
399,0,23.0,2,16,10.5,8.82711951045,2.96400960808,0
400,1,28.0,2,32,12.65,97.0566008998,2.7826932874,1
401,1,39.0,3,18,7.925,61.5684001696,5.15218508098,0
402,0,26.0,3,15,8.05,91.5131258438,1.5617757176,0
403,0,21.0,3,24,9.825,16.9269557959,6.12637456912,1
404,0,28.0,3,30,15.85,52.4948163299,1.88826489727,0
405,0,20.0,3,23,8.6625,9.13746508275,4.36402575411,1
406,0,34.0,2,18,21.0,50.8370948682,0.341582784886,0
407,0,51.0,3,32,7.75,27.6277503938,2.53944404725,0
408,1,3.0,2,30,18.75,28.5426479933,4.53781825409,0
409,0,21.0,3,33,7.775,78.1610360878,5.29278744151,0
410,0,28.2555041737,3,18,25.4667,38.212874635,2.38235219726,1
411,0,60.2283487704,3,18,7.8958,59.1890122764,2.00338185078,0
412,0,31.2251577735,3,15,6.8583,45.5615854211,4.76225911388,0
413,1,33.0,1,22,90.0,78.0,3.0,1
414,0,1.08021242513,2,30,0.0,62.4256878818,2.2000571899,0
415,1,44.0,3,25,7.925,73.8460800691,3.4758538729,0
416,0,4.00753523362,3,39,8.05,8.88914191998,1.66982345714,1
417,1,34.0,2,47,32.5,44.7957081917,3.28690845497,1
418,1,18.0,2,29,13.0,50.9211946066,2.56393608545,1
419,0,30.0,2,26,13.0,86.487210931,0.507780372611,0
420,0,10.0,3,25,24.15,18.7775184688,1.7328884644,1
421,0,19.7689109027,3,22,7.8958,47.1627722926,3.68167893346,0
422,0,21.0,3,19,7.7333,2.38641477639,4.26136565759,0
423,0,29.0,3,18,7.875,7.06576923333,2.44549747184,0
424,0,28.0,3,54,14.4,12.8243844227,3.36406093089,1
425,0,18.0,3,27,20.2125,20.6950923182,5.09941905557,0
426,0,28.8764960644,3,22,7.25,30.0998507792,4.99361336989,0
427,1,28.0,2,43,26.0,57.9051213689,2.4178568467,1
428,1,19.0,2,67,26.0,39.2463468168,3.3430662409,1
429,0,22.8945368699,3,16,7.75,52.8501801643,1.74477259956,0
430,1,32.0,3,34,8.05,10.0,5.0,0
431,1,28.0,1,41,26.55,52.0,3.0,0
432,1,6.26695289986,3,49,16.1,76.8055786032,3.47696056926,1
433,1,42.0,2,51,26.0,66.2181524905,5.92715444073,1
434,0,17.0,3,26,7.125,58.1921674223,5.47619343196,0
435,0,50.0,1,25,55.9,44.0,5.0,0
436,1,14.0,1,25,120.0,96.0,2.0,1
437,0,21.0,3,36,34.375,5.5765794401,3.87632285162,1
438,1,24.0,2,37,18.75,33.7959872135,4.72782444123,1
439,0,64.0,1,17,263.0,23.0,3.0,0
440,0,31.0,2,38,10.5,58.3671375982,1.37468906269,0
441,1,45.0,2,43,26.25,4.78701790951,2.48189256414,1
442,0,20.0,3,15,9.5,18.7324874394,2.9787936033,0
443,0,25.0,3,25,7.775,55.9050500407,3.18631570503,0
444,1,28.0,2,25,13.0,99.7552997219,2.8953431158,1
445,1,60.2595880012,3,33,8.1125,55.3393815779,2.5555732894,0
446,1,4.0,1,25,81.8583,34.0,1.0,0
447,1,13.0,2,33,19.5,40.1961804452,4.70593487159,1
448,1,34.0,1,27,26.55,45.7639861787,3.95690508632,0
449,1,5.0,3,30,19.2583,89.0287956278,2.63589315926,1
450,1,52.0,1,30,30.5,104.0,3.0,0
451,0,36.0,2,21,27.75,5.9106255971,4.01081453909,0
452,0,32.9193241079,3,31,19.9667,95.9020287895,4.62680714521,0
453,0,30.0,1,31,27.75,111.0,3.0,0
454,1,49.0,1,24,89.1042,92.0,3.0,0
455,0,36.3622688041,3,19,8.05,47.097249439,3.55365196893,0
456,1,29.0,3,18,7.8958,23.3919698722,2.86800951788,0
457,0,65.0,1,25,26.55,38.0,5.0,0
458,1,20.2519912726,1,33,51.8625,21.0,4.0,1
459,1,50.0,2,19,10.5,17.8600882591,2.90421708403,1
460,0,18.3876686431,3,21,7.75,73.2378311281,2.30840718668,0
461,1,48.0,1,19,26.55,12.0,5.0,0
462,0,34.0,3,19,8.05,82.6327076125,4.90405173404,0
463,0,47.0,1,17,38.5,63.0,5.0,0
464,0,48.0,2,28,13.0,17.1836232285,5.05655727902,0
465,0,50.1560858156,3,18,8.05,35.2043182064,1.01530296413,0
466,0,38.0,3,31,7.05,31.8997851443,2.16035316859,0
467,0,29.2962819123,2,21,0.0,20.7331109346,2.74299671283,0
468,0,56.0,1,26,26.55,117.417725281,1.82154275388,0
469,0,2.63208069888,3,18,7.725,47.8002766888,1.52684532058,0
470,1,0.75,3,29,19.2583,62.8981799068,4.27402560936,1
471,0,46.9783091788,3,17,7.25,78.4238405311,5.75952827087,0
472,0,38.0,3,15,8.6625,52.2673151236,2.73808710503,0
473,1,33.0,2,39,27.75,54.1785783041,2.72766324017,1
474,1,23.0,2,44,13.7917,66.9838633763,4.0,1
475,0,22.0,3,27,9.8375,41.5950921773,5.60712077863,1
476,0,28.2284552365,1,27,52.0,14.0,1.0,0
477,0,34.0,2,23,21.0,3.55926357125,2.37145597899,0
478,0,29.0,3,25,7.0458,37.3095075203,2.71580112861,0
479,0,22.0,3,25,7.5208,41.8000725877,4.37733477513,0
480,1,2.0,3,24,12.2875,30.8803054894,2.42008032733,1
481,0,9.0,3,30,46.9,95.1973267955,3.44124594775,0
482,0,44.9897193722,2,32,0.0,42.9152775416,4.37609928644,0
483,0,50.0,3,24,8.05,139.834251255,1.63093164839,0
484,1,63.0,3,22,9.5875,66.1944351058,4.04636546417,1
485,1,25.0,1,23,91.0792,49.0,2.0,0
486,0,28.443709492,3,22,25.4667,86.3597939203,3.742220988,1
487,1,35.0,1,47,90.0,93.0,3.0,1
488,0,58.0,1,23,29.7,37.0,2.0,0
489,0,30.0,3,29,8.05,131.8255458,2.06928789505,0
490,1,9.0,3,37,15.9,75.07763863,4.23317756623,0
491,0,52.1211651342,3,36,19.9667,101.899024016,5.13145753921,0
492,0,21.0,3,19,7.25,81.8857934661,3.1127897825,0
493,0,55.0,1,26,30.5,30.0,3.0,0
494,0,71.0,1,23,49.5042,26.2523190345,1.92116914656,0
495,0,21.0,3,26,8.05,18.9036100757,6.01444132029,0
496,0,33.4222187697,3,21,14.4583,18.3917131376,2.99120040115,0
497,1,54.0,1,30,78.2667,20.0,4.0,1
498,0,33.6775979698,3,31,15.1,45.2458485705,4.94200271994,0
499,0,25.0,1,47,151.55,22.0,3.0,1
500,0,24.0,3,18,7.7958,20.8445558753,2.01753353307,0
501,0,17.0,3,16,8.6625,78.8206242571,0.837372703841,0
502,0,21.0,3,19,7.75,32.6351888904,3.9000335698,1
503,0,44.0268406157,3,30,7.6292,59.8976493508,5.12475250213,1
504,0,37.0,3,30,9.5875,53.7412996006,2.7235785747,1
505,1,16.0,1,21,86.5,79.0,2.0,1
506,0,18.0,1,42,108.9,65.0,3.0,0
507,1,33.0,2,45,26.0,29.0379236704,4.22589074771,1
508,1,29.073208093,1,45,26.55,140.581995888,1.33473999903,0
509,0,28.0,3,24,22.525,12.069157818,2.96910104203,0
510,1,26.0,3,14,56.4958,56.810541991,3.69448128157,0
511,1,29.0,3,24,7.75,21.2607012435,5.50482667359,0
512,0,46.2999519394,3,17,8.05,12.6794003541,1.34729916327,0
513,1,36.0,1,25,26.2875,25.0,5.0,0
514,1,54.0,1,46,59.4,74.2969373275,5.21757778896,1
515,0,24.0,3,17,7.4958,65.391189569,3.32206382012,0
516,0,47.0,1,28,34.0208,46.0,4.0,0
517,1,34.0,2,28,10.5,33.0,6.0,1
518,0,33.9613276814,3,17,24.15,20.0381952805,5.78754605802,0
519,1,36.0,2,52,26.0,35.577758819,2.63511122249,1
520,0,32.0,3,19,7.8958,47.1007960355,3.25659141727,0
521,1,30.0,1,21,93.5,73.0,2.0,1
522,0,22.0,3,15,7.8958,31.039744591,4.69586170458,0
523,0,20.6836697889,3,18,7.225,51.6071906649,3.02807432701,0
524,1,44.0,1,47,57.9792,18.0,2.0,1
525,0,23.6810175569,3,17,7.2292,14.4304321907,3.70684980073,0
526,0,40.5,3,18,7.75,96.6024974323,2.47023460286,0
527,1,50.0,2,20,10.5,53.4337442593,6.46436380842,1
528,0,24.148631998,1,18,221.7792,95.0,3.0,0
529,0,39.0,3,25,7.925,152.444001521,2.97432893415,0
530,0,23.0,2,27,11.5,68.9688386851,2.13111267119,0
531,1,2.0,2,24,26.0,29.6020723431,1.99130589884,1
532,0,19.5361401224,3,17,7.2292,116.382800869,6.03377397561,0
533,0,17.0,3,20,7.2292,69.4805306067,2.67031505067,0
534,1,43.7072552458,3,38,22.3583,37.4465534952,2.09206979362,1
535,0,30.0,3,19,8.6625,30.6458010931,1.13505044981,1
536,1,7.0,2,22,26.25,141.295638325,2.9962958051,1
537,0,45.0,1,33,26.55,38.0,2.0,0
538,1,30.0,1,19,106.425,7.87078804772,4.25389878644,1
539,0,6.31995344272,3,24,14.5,64.8778520409,2.29071677084,0
540,1,22.0,1,34,49.5,39.0,2.0,1
541,1,36.0,1,23,71.0,22.0,2.0,1
542,0,9.0,3,36,31.275,60.286132763,4.92489590869,1
543,0,11.0,3,33,31.275,80.6209285336,3.8817314101,1
544,1,32.0,2,17,26.0,6.32998087242,0.565968776401,0
545,0,50.0,1,26,106.425,86.0,3.0,0
546,0,64.0,1,28,26.0,8.55210983386,2.04577173679,0
547,1,19.0,2,33,26.0,91.3306293591,1.66260880804,1
548,1,47.9053447927,2,26,13.8625,20.7708007135,0.826242786339,0
549,0,33.0,3,25,20.525,30.8493100279,5.03464620823,0
550,1,8.0,2,30,36.75,0.467334773784,3.91324875605,0
551,1,17.0,1,27,110.8833,70.0,3.0,0
552,0,27.0,2,27,26.0,4.56459774512,3.47747869057,0
553,0,15.2682726614,3,20,7.8292,1.72802497934,3.35366051799,0
554,1,22.0,3,33,7.225,45.6518598446,2.99967989213,0
555,1,22.0,3,18,7.775,27.6483231853,4.4870761517,1
556,0,62.0,1,18,26.55,6.17078844114,3.7817119128,0
557,1,48.0,1,65,39.6,16.0,1.0,1
558,0,27.8463329844,1,19,227.525,20.4652666213,3.21882904956,0
559,1,39.0,1,38,79.65,67.0,5.0,1
560,1,36.0,3,44,17.4,44.599575871,4.53267953779,1
561,0,22.5056632455,3,24,7.75,45.1378059422,4.6433165903,0
562,0,40.0,3,17,7.8958,71.1702693113,4.62892530968,0
563,0,28.0,2,26,13.5,16.3396941911,3.91856393233,0
564,0,30.3725501792,3,17,8.05,9.08000758758,5.09637842054,0
565,0,49.0636811301,3,30,8.05,4.98536097163,3.00547696129,1
566,0,24.0,3,20,24.15,100.066778278,4.83659241743,0
567,0,19.0,3,20,7.8958,133.699682587,1.69348202911,0
568,0,29.0,3,43,21.075,35.4131233837,4.68266063638,1
569,0,2.82112581218,3,19,7.2292,71.9742081946,2.10518945111,0
570,1,32.0,3,17,7.8542,43.555169048,2.80553099187,0
571,1,62.0,2,18,10.5,21.4509804063,4.14508525754,0
572,1,53.0,1,45,51.4792,101.0,3.0,1
573,1,36.0,1,32,26.3875,25.0,5.0,0
574,1,35.2701274882,3,17,7.75,7.21091252696,4.67515490611,1
575,0,16.0,3,28,8.05,37.4469417959,2.30793579963,0
576,0,19.0,3,20,14.5,62.7212276904,3.91552502541,0
577,1,34.0,2,20,13.0,76.6937790847,1.80852502491,1
578,1,39.0,1,41,55.9,44.0,5.0,1
579,0,33.2803464846,3,32,14.4583,43.9626907449,3.56241927334,1
580,1,32.0,3,19,7.925,9.46722774857,2.26956042457,0
581,1,25.0,2,27,30.0,96.138203523,4.04609232948,1
582,1,39.0,1,52,110.8833,68.0,3.0,1
583,0,54.0,2,26,26.0,38.7112679644,3.16067960348,0
584,0,36.0,1,19,40.125,10.0,1.0,0
585,0,18.3104434557,3,19,8.7125,34.4591298995,2.35305847557,0
586,1,18.0,1,19,79.65,68.0,5.0,1
587,0,47.0,2,23,15.0,92.3633789641,3.78563158652,0
588,1,60.0,1,32,79.2,41.0,2.0,0
589,0,22.0,3,21,8.05,28.7919604155,4.22622062125,0
590,0,26.6940024546,3,19,8.05,12.8959242201,3.40527713308,0
591,0,35.0,3,20,7.125,8.28380330532,1.35835246622,0
592,1,52.0,1,47,78.2667,20.0,4.0,1
593,0,47.0,3,26,7.25,7.6319264711,6.86476830556,0
594,0,32.3354537004,3,18,7.75,4.3012678455,2.09811826309,1
595,0,37.0,2,23,26.0,27.1199790621,2.91485123551,0
596,0,36.0,3,27,24.15,41.5428266377,2.10984559366,0
597,1,45.4735013155,2,26,33.0,8.04603837148,2.84657368172,1
598,0,49.0,3,19,0.0,45.2722033679,3.58316683989,0
599,0,12.1700493908,3,17,7.225,84.5306674066,2.78161737621,0
600,1,49.0,1,44,56.9292,20.0,1.0,0
601,1,24.0,2,51,27.0,49.2214622395,3.35674519841,1
602,0,45.1029303795,3,20,7.8958,25.8203977043,3.86006066814,0
603,0,22.915823651,1,25,42.4,51.9653156767,4.26446380841,0
604,0,44.0,3,25,8.05,33.0130309017,1.94075435994,0
605,1,35.0,1,31,26.55,81.8811748514,3.34431646828,0
606,0,36.0,3,29,15.55,60.5763394447,3.07959135504,0
607,0,30.0,3,17,7.8958,18.0935171594,4.46550472128,0
608,1,27.0,1,27,30.5,79.9712764969,5.29809261375,0
609,1,22.0,2,53,41.5792,4.27664297992,3.6628491972,1
610,1,40.0,1,25,153.4625,125.0,3.0,1
611,0,39.0,3,57,31.275,114.663331356,4.44689624125,1
612,0,38.5934792779,3,21,7.05,32.7877490318,3.88407279265,0
613,1,15.9507933332,3,27,15.5,31.1947808734,3.2757632016,1
614,0,37.9021265408,3,16,7.75,83.339937891,3.88685659984,0
615,0,35.0,3,31,8.05,41.5088814188,3.28420313913,0
616,1,24.0,2,19,65.0,7.79820712393,2.95070908469,1
617,0,34.0,3,25,14.4,7.91727988407,4.32913155291,0
618,0,26.0,3,47,16.1,53.5534168374,3.58018420546,1
619,1,4.0,2,27,39.0,4.0,6.0,1
620,0,26.0,2,19,10.5,67.6003907163,2.57493123513,0
621,0,27.0,3,19,14.4542,95.1448928616,2.83168691155,0
622,1,42.0,1,28,52.5542,19.0,4.0,0
623,1,20.0,3,16,15.7417,36.0356921835,2.12057595325,0
624,0,21.0,3,27,7.8542,41.346606825,3.73382771575,0
625,0,21.0,3,27,16.1,37.7106255328,3.11609867593,0
626,0,61.0,1,21,32.3208,50.0,4.0,0
627,0,57.0,2,30,12.35,60.9161212341,3.57134128622,0
628,1,21.0,1,29,77.9583,9.0,4.0,1
629,0,26.0,3,25,7.8958,21.0975289347,3.3523860905,0
630,0,27.8484827935,3,24,7.7333,38.454225865,3.85796541832,0
631,1,80.0,1,36,30.0,23.0,1.0,0
632,0,51.0,3,27,7.0542,63.9379925307,5.66868020844,0
633,1,32.0,1,25,30.5,50.0,2.0,0
634,0,26.7049992211,1,29,0.0,32.0713835468,3.6019028743,0
635,0,9.0,3,18,27.9,20.8858310092,3.50246858328,1
636,1,28.0,2,17,13.0,19.7182942351,3.791499347,1
637,0,32.0,3,26,7.925,2.1579608402,2.90341025087,0
638,0,31.0,2,19,26.25,32.1878973939,5.57061937866,0
639,0,41.0,3,38,39.6875,88.135971019,1.67772442836,1
640,0,60.6956065496,3,26,16.1,56.543424956,3.43600589546,0
641,0,20.0,3,22,7.8542,20.5712560446,1.35789839938,0
642,1,24.0,1,20,69.3,35.0,2.0,1
643,0,2.0,3,29,27.9,15.0803455063,3.94012473416,1
644,1,39.3891144477,3,15,56.4958,82.5732848461,3.00398922229,0
645,1,0.75,3,22,19.2583,29.4512223158,0.386829943365,1
646,1,48.0,1,25,76.7292,33.0,4.0,0
647,0,19.0,3,17,7.8958,39.111200566,1.2005152471,0
648,1,56.0,1,35,35.5,26.0,1.0,0
649,0,7.36209436946,3,18,7.55,59.5099223261,1.95099210854,0
650,1,23.0,3,31,7.55,1.34225820631,2.21818912974,1
651,0,45.9786890206,3,17,7.8958,8.97457333684,3.26162765241,0
652,1,18.0,2,19,23.0,133.050560276,5.49207040688,1
653,0,21.0,3,30,8.4333,23.7065913484,3.3302013329,0
654,1,5.64122663912,3,29,7.8292,70.9949778694,6.11217407764,1
655,0,18.0,3,28,6.75,69.2982859687,3.12046576615,1
656,0,24.0,2,25,73.5,17.2784064459,3.45094397899,0
657,0,47.6415259329,3,21,7.8958,5.35565285535,2.40192093033,0
658,0,32.0,3,29,15.5,62.009537536,3.04536810899,1
659,0,23.0,2,28,13.0,3.35317426029,5.08876565867,0
660,0,58.0,1,26,113.275,48.0,4.0,0
661,1,50.0,1,29,133.65,45.4159481657,3.64183327983,0
662,0,40.0,3,17,7.225,9.34522033288,2.11679696774,0
663,0,47.0,1,26,25.5875,58.0,5.0,0
664,0,36.0,3,16,7.4958,29.6114143086,4.59791810257,0
665,1,20.0,3,27,7.925,63.3058878942,3.77678641765,0
666,0,32.0,2,18,73.5,62.1024941031,3.5128635951,0
667,0,25.0,2,27,13.0,9.49862671824,3.60875635457,0
668,0,13.101951257,3,26,7.775,81.9560397197,3.87141662568,0
669,0,43.0,3,15,8.05,69.5804108667,4.14487358204,0
670,1,39.2156021725,1,49,52.0,126.0,3.0,1
671,1,40.0,2,61,39.0,46.4148388871,0.773295797002,1
672,0,31.0,1,22,52.0,71.0,2.0,0
673,0,70.0,2,27,10.5,75.908818188,5.0323944656,0
674,1,31.0,2,21,13.0,125.841240557,4.9361799221,0
675,0,16.822543391,2,26,0.0,93.3844504705,4.33981849151,0
676,0,18.0,3,30,7.775,1.37427412681,3.4064647276,0
677,0,24.5,3,29,8.05,45.437271876,1.73118061961,0
678,1,18.0,3,23,9.8417,85.8390213974,2.61008177131,1
679,0,43.0,3,39,46.9,17.3818838044,3.15897336225,1
680,1,36.0,1,34,512.3292,51.0,2.0,0
681,0,26.8059211303,3,19,8.1375,34.0016702422,6.73577338347,1
682,1,27.0,1,18,76.7292,49.0,4.0,0
683,0,20.0,3,27,9.225,14.4615558507,5.7442706637,0
684,0,14.0,3,27,46.9,20.2020315788,4.1896643224,0
685,0,60.0,2,33,39.0,62.5809015182,5.59781451369,0
686,0,25.0,2,38,41.5792,57.7408843987,5.05493274311,0
687,0,14.0,3,24,39.6875,81.6879659733,4.15761805979,0
688,0,19.0,3,17,10.1708,49.224169456,3.00552384891,0
689,0,18.0,3,31,7.7958,35.8681438646,4.16913191423,0
690,1,15.0,1,33,211.3375,5.0,2.0,1
691,1,31.0,1,23,57.0,20.0,2.0,0
692,1,4.0,3,18,13.4167,61.4044392044,2.34451569408,1
693,1,36.1523820031,3,12,56.4958,15.8968051999,0.653571243588,0
694,0,25.0,3,16,7.225,116.865519538,2.94517522666,0
695,0,60.0,1,15,26.55,64.8556972606,4.724266861,0
696,0,52.0,2,26,13.5,64.6133278145,2.22532919357,0
697,0,44.0,3,16,8.05,69.3287708041,5.9733527681,0
698,1,28.19339736,3,32,7.7333,40.37447855,3.99873094046,1
699,0,49.0,1,24,110.8833,68.0,3.0,0
700,0,42.0,3,40,7.65,63.0,6.0,0
701,1,18.0,1,49,227.525,62.0,3.0,1
702,1,35.0,1,32,26.2875,24.0,5.0,0
703,0,18.0,3,21,14.4542,48.7687528284,1.4640936419,1
704,0,25.0,3,21,7.7417,59.0770139959,3.56669111697,0
705,0,26.0,3,23,7.8542,100.64042232,6.77342932577,0
706,0,39.0,2,46,26.0,34.5722466248,0.943360525486,0
707,1,45.0,2,29,13.5,114.832519403,1.16065623309,1
708,1,42.0,1,33,26.2875,24.0,5.0,0
709,1,22.0,1,20,151.55,40.7618800205,4.24794798431,1
710,1,27.9238392343,3,49,15.2458,36.0805825256,3.6141861638,0
711,1,24.0,1,48,49.5042,90.0,3.0,1
712,0,39.1884544595,1,18,26.55,124.0,3.0,0
713,1,48.0,1,24,52.0,126.0,3.0,0
714,0,29.0,3,26,9.4833,3.64245994431,2.71131682582,0
715,0,52.0,2,21,13.0,52.1723339675,1.28997784758,0
716,0,19.0,3,42,7.65,73.0,6.0,0
717,1,38.0,1,29,227.525,45.0,3.0,1
718,1,27.0,2,35,10.5,101.0,5.0,1
719,0,6.91631775536,3,19,15.5,55.9894421,2.85195047508,0
720,0,33.0,3,28,7.775,17.7586513277,4.88668527284,0
721,1,6.0,2,33,33.0,47.7960404458,0.0509134144293,1
722,0,17.0,3,25,7.0542,12.8255415835,2.21595207043,0
723,0,34.0,2,28,13.0,47.0511972219,2.54894536561,0
724,0,50.0,2,23,13.0,38.3329395889,2.9511133112,0
725,1,27.0,1,29,53.1,8.0,5.0,0
726,0,20.0,3,19,8.6625,99.1054335713,1.87147280631,0
727,1,30.0,2,43,21.0,34.3908978996,4.29533422546,1
728,1,4.93261253316,3,24,7.7375,47.6747930793,2.84484619939,1
729,0,25.0,2,31,26.0,18.3245573316,4.11465578853,0
730,0,25.0,3,29,7.925,11.0136281205,1.56707557721,1
731,1,29.0,1,29,211.3375,5.0,2.0,1
732,0,11.0,3,24,18.7875,29.3764068415,3.88029540276,0
733,0,22.3171540037,2,20,0.0,96.4722217643,0.882688726742,0
734,0,23.0,2,26,13.0,27.2722782565,2.26448880073,0
735,0,23.0,2,28,13.0,61.9784781273,3.18151054698,0
736,0,28.5,3,20,16.1,35.5300596022,5.84222023419,0
737,0,48.0,3,39,34.375,22.1626540134,3.88425023325,1
738,1,35.0,1,22,512.3292,101.0,2.0,0
739,0,7.61378297744,3,18,7.8958,77.5230371389,3.85059673169,0
740,0,2.15303303191,3,18,7.8958,57.5121360676,2.24130241793,0
741,1,29.946327075,1,27,30.0,45.0,4.0,0
742,0,36.0,1,29,78.85,46.0,3.0,0
743,1,21.0,1,37,262.375,57.0,2.0,1
744,0,24.0,3,17,16.1,61.7651088774,3.55707227696,0
745,1,31.0,3,18,7.925,9.06192736863,6.11199937616,0
746,0,70.0,1,28,71.0,22.0,2.0,0
747,0,16.0,3,27,20.25,6.79824326679,4.49134323174,0
748,1,30.0,2,21,13.0,35.5309715434,3.60093268786,1
749,0,19.0,1,25,53.1,30.0,4.0,0
750,0,31.0,3,23,7.75,20.8625583134,2.01186649782,0
751,1,4.0,2,17,23.0,57.6755813359,2.13462465416,1
752,1,6.0,3,19,12.475,121.0,5.0,0
753,0,33.0,3,32,9.5,58.6428509872,2.80645464554,0
754,0,23.0,3,18,7.8958,48.2868360252,1.93573528927,0
755,1,48.0,2,32,65.0,30.8476289441,2.49262077709,1
756,1,0.67,2,25,14.5,52.9112809543,1.53626105573,0
757,0,28.0,3,28,7.7958,93.5244432747,3.13236660638,0
758,0,18.0,2,24,11.5,21.0138416664,4.07362805551,0
759,0,34.0,3,28,8.05,26.0892813542,1.23889909653,0
760,1,33.0,1,56,86.5,77.0,2.0,1
761,0,41.8571522999,3,18,14.5,78.8560728215,2.88336033695,0
762,0,41.0,3,30,7.125,17.0683943246,1.51599418304,0
763,1,20.0,3,21,7.2292,80.0677082812,2.05202473795,0
764,1,36.0,1,41,120.0,96.0,2.0,1
765,0,16.0,3,22,7.775,48.2396501472,0.68586967164,0
766,1,51.0,1,36,77.9583,11.0,4.0,1
767,0,21.071395315,1,25,39.6,1.31337659812,3.03090799817,0
768,0,30.5,3,18,7.75,43.5565827871,3.53897032904,1
769,0,54.0951278325,3,19,24.15,20.217020239,3.83405722621,0
770,0,32.0,3,32,8.3625,91.747000765,3.64158844574,0
771,0,24.0,3,22,9.5,35.9705322423,4.04553546083,0
772,0,48.0,3,23,7.8542,68.2480699411,3.9879922261,0
773,0,57.0,2,17,10.5,77.0,5.0,1
774,0,26.4784959446,3,15,7.225,38.862901059,3.90678789862,0
775,1,54.0,2,37,23.0,61.680789513,6.41554300265,1
776,0,18.0,3,39,7.75,57.0883572261,3.04004054434,0
777,0,4.87671914762,3,16,7.75,38.0,6.0,0
778,1,5.0,3,29,12.475,72.4062412704,4.54925300132,1
779,0,16.3614501118,3,23,7.7375,34.290121919,3.51445359351,0
780,1,43.0,1,53,211.3375,3.0,2.0,1
781,1,13.0,3,20,7.2292,24.0411021728,4.77193609084,1
782,1,17.0,1,41,57.0,20.0,2.0,1
783,0,29.0,1,22,30.0,6.0,4.0,0
784,0,50.5261106426,3,22,23.45,81.5124993609,3.22404014198,0
785,0,25.0,3,16,7.05,33.4495851224,4.02588993817,0
786,0,25.0,3,34,7.25,92.3065712099,5.35083226965,0
787,1,18.0,3,25,7.4958,6.58367700859,5.33503133271,1
788,0,8.0,3,25,29.125,74.6659452713,4.64068679144,0
789,1,1.0,3,26,20.575,2.21932860075,3.58069971768,0
790,0,46.0,1,24,79.2,82.0,2.0,0
791,0,2.50811616172,3,24,7.75,49.2925423779,3.77916817282,0
792,0,16.0,2,19,26.0,25.6184068486,3.10543101191,0
793,0,43.7628129993,3,23,69.55,67.9419392147,0.958389018303,1
794,0,42.541416765,1,24,30.6958,7.46460506751,5.72717717234,0
795,0,25.0,3,21,7.8958,95.8427835806,3.6904858383,0
796,0,39.0,2,18,13.0,64.2129647414,4.30826905584,0
797,1,49.0,1,27,25.9292,17.0,4.0,1
798,1,31.0,3,16,8.6833,78.5870426764,2.89133679418,1
799,0,30.0,3,28,7.2292,48.5081091632,2.09374497238,0
800,0,30.0,3,52,24.15,71.4316422225,3.2044898666,1
801,0,34.0,2,20,13.0,61.8030891645,3.96784260693,0
802,1,31.0,2,43,26.25,31.6409106903,1.97972334276,1
803,1,11.0,1,35,120.0,96.0,2.0,0
804,1,0.42,3,31,8.5167,9.41757659347,2.58174266675,0
805,1,27.0,3,23,6.975,23.6811235341,3.8611494826,0
806,0,31.0,3,25,7.775,19.5982436604,3.31977004514,0
807,0,39.0,1,22,0.0,36.0,1.0,0
808,0,18.0,3,31,7.775,21.0013029169,5.52198620371,1
809,0,39.0,2,17,13.0,23.1420596918,0.815904268427,0
810,1,33.0,1,46,53.1,8.0,5.0,1
811,0,26.0,3,22,7.8875,48.1418891295,1.57328206274,0
812,0,39.0,3,17,24.15,47.3888583118,4.21860011615,0
813,0,35.0,2,25,10.5,63.219944208,1.86102332661,0
814,0,6.0,3,34,31.275,65.5098628031,3.96416049723,1
815,0,30.5,3,26,8.05,79.5839984287,2.21443920879,0
816,0,23.6712743571,1,16,0.0,102.0,2.0,0
817,0,23.0,3,28,7.925,76.6367266509,0.187662551224,1
818,0,31.0,2,18,37.0042,72.5008751696,2.58173223824,0
819,0,43.0,3,32,6.45,48.8272141639,1.85598627263,0
820,0,10.0,3,28,27.9,35.4702560009,6.36123200922,0
821,1,52.0,1,50,93.5,69.0,2.0,1
822,1,27.0,3,17,8.6625,51.3738204258,5.20250574697,0
823,0,38.0,1,31,0.0,109.606681679,6.18398686612,0
824,1,27.0,3,18,12.475,121.0,5.0,1
825,0,2.0,3,28,39.6875,99.2199537862,3.86798099573,0
826,0,29.6791937233,3,15,6.95,80.2548600842,4.11973522882,0
827,0,5.98327900459,3,12,56.4958,58.1170198792,1.30848848241,0
828,1,1.0,2,21,37.0042,49.5625520013,3.56948709985,0
829,1,34.1317511772,3,28,7.75,58.174085535,1.66580064813,0
830,1,62.0,1,41,80.0,28.0,2.0,1
831,1,15.0,3,39,14.4542,34.154056182,3.68664273126,1
832,1,0.83,2,31,18.75,42.1001278978,4.8002687173,0
833,0,36.1707294359,3,14,7.2292,21.3612200843,2.20672880328,0
834,0,23.0,3,22,7.8542,5.26400575808,2.34066351315,0
835,0,18.0,3,22,8.3,72.8411954602,3.22290649908,0
836,1,39.0,1,27,83.1583,49.0,5.0,1
837,0,21.0,3,16,8.6625,68.1025167267,3.13435975923,0
838,0,30.8268689097,3,19,8.05,3.85891484704,3.13133673992,0
839,1,32.0,3,15,56.4958,18.7806882867,3.30454847994,0
840,1,28.7461474908,1,20,29.7,47.0,3.0,0
841,0,20.0,3,27,7.925,17.2967598848,3.621900982,0
842,0,16.0,2,24,10.5,24.768786705,3.07425987188,0
843,1,30.0,1,23,31.0,12.8762825701,3.33333421053,1
844,0,34.5,3,26,6.4375,88.9745827976,5.65750670734,0
845,0,17.0,3,19,8.6625,47.2831529717,3.98659698894,0
846,0,42.0,3,19,7.55,26.6944424506,3.13007735446,0
847,0,30.5476933931,3,24,69.55,10.3753200199,1.43062202706,0
848,0,35.0,3,18,7.8958,32.8888025627,1.61036108096,0
849,0,28.0,2,17,33.0,56.6845021304,6.16234520668,0
850,1,32.1827085856,1,44,89.1042,92.0,3.0,1
851,0,4.0,3,39,31.275,88.9291302364,1.42424537542,0
852,0,74.0,3,19,7.775,13.8135046558,1.99279207579,0
853,0,9.0,3,23,15.2458,14.1048881797,5.35598060329,1
854,1,16.0,1,25,39.4,28.0,4.0,1
855,0,44.0,2,45,26.0,68.5178729834,3.28786557848,1
856,1,18.0,3,26,9.35,44.0205444921,4.73990359969,1
857,1,45.0,1,42,164.8667,30.8352900369,4.98780950973,1
858,1,51.0,1,22,26.55,17.0,5.0,0
859,1,24.0,3,37,19.2583,51.808648875,2.22389244286,1
860,0,29.542669739,3,16,7.2292,24.8588142346,3.48428803944,0
861,0,41.0,3,23,14.1083,157.121946717,2.56026098688,0
862,0,21.0,2,27,11.5,12.388883964,4.77197724327,0
863,1,48.0,1,51,25.9292,17.0,4.0,1
864,0,19.5982451409,3,33,69.55,73.1937307052,2.78486454071,1
865,0,24.0,2,22,13.0,14.503075809,5.97825941329,0
866,1,42.0,2,24,13.0,66.9969957106,1.95589525889,1
867,1,27.0,2,28,13.8583,28.6547904968,3.62812779962,1
868,0,31.0,1,36,50.4958,24.0,1.0,0
869,0,34.0102059338,3,27,9.5,72.1751413662,4.50585449085,0
870,1,4.0,3,31,11.1333,112.131449634,4.91823663242,0
871,0,26.0,3,17,7.8958,38.6254147859,2.228583857,0
872,1,47.0,1,48,52.5542,35.0,4.0,1
873,0,33.0,1,24,5.0,51.0,2.0,0
874,0,47.0,3,27,9.0,86.5916355453,3.12300625388,0
875,1,28.0,2,37,24.0,16.4711621899,3.07010906024,1
876,1,15.0,3,32,7.225,15.7334974198,4.59139307904,1
877,0,20.0,3,29,9.8458,24.1298824681,1.29972018635,0
878,0,19.0,3,20,7.8958,70.968978226,2.29170710461,0
879,0,33.9887542286,3,18,7.8958,114.409986507,3.80655666958,0
880,1,56.0,1,45,83.1583,50.0,3.0,1
881,1,25.0,2,44,26.0,40.8967909219,0.403413280795,1
882,0,33.0,3,18,7.8958,102.27777963,6.23393707376,0
883,0,22.0,3,28,10.5167,11.6526927404,1.34955291702,1
884,0,28.0,2,29,10.5,43.0424011569,2.35349119138,0
885,0,25.0,3,22,7.05,65.5947406211,3.04049751062,0
886,0,39.0,3,36,29.125,29.9805030415,4.37628011092,1
887,0,27.0,2,21,13.0,29.1676666456,6.88988520543,0
888,1,19.0,1,28,30.0,42.0,2.0,1
889,0,19.1608802489,3,40,23.45,55.1843441326,1.6338440153,1
890,1,26.0,1,21,30.0,148.0,3.0,0
891,0,32.0,3,19,7.75,190.257150663,4.01434985675,0
